<?xml version="1.0" encoding="UTF-8"?>
<project-private xmlns="http://www.netbeans.org/ns/project-private/1">
    <editor-bookmarks xmlns="http://www.netbeans.org/ns/editor-bookmarks/2" lastBookmarkId="0"/>
    <open-files xmlns="http://www.netbeans.org/ns/projectui-open-files/2">
        <group>
            <file>file:/C:/Users/Riska%20Mahardika/OneDrive/Documents/Data%20Mahasiswa/Data%20Mahasiswa/src/dao/MahasiswaDAO.java</file>
            <file>file:/C:/Users/Riska%20Mahardika/OneDrive/Documents/Data%20Mahasiswa/Data%20Mahasiswa/src/db/Koneksi.java</file>
            <file>file:/C:/Users/Riska%20Mahardika/OneDrive/Documents/Data%20Mahasiswa/Data%20Mahasiswa/src/model/Mahasiswa.java</file>
        </group>
    </open-files>
</project-private>
